INSERT INTO LIBELLE_JAVA VALUES('commun.libelle.liste.nb.page','FR','INFRA','page {0} de {1}',NULL)
INSERT INTO LIBELLE_JAVA VALUES('goaf.libelle.objet.java.onglet.evaluation','FR','DIAPASON','\u00c9valuation de la demande',NULL)
INSERT INTO LIBELLE_JAVA VALUES('goaf.libelle.objet.java.section.demande.aide','FR','DIAPASON','Demande d''aide financi\u00e8re',NULL)
INSERT INTO LIBELLE_JAVA VALUES('goaf.libelle.objet.java.service.accueil','FR','DIAPASON','Accueil','Bouton permettant d''atteindre la page d''accueil du syst\u00e8me GOAF')
INSERT INTO LIBELLE_JAVA VALUES('goaf.libelle.objet.java.service.grille.evaluation2','FR','DIAPASON','Grille d''\u00e9valuation de la demande',NULL)
INSERT INTO LIBELLE_JAVA VALUES('infra.libelle.commun.bouton.creer','FR','INFRA','Cr\u00e9er','Cr\u00e9er un nouvel enregistrement')
INSERT INTO LIBELLE_JAVA VALUES('infra.libelle.commun.bouton.enregistrer','FR','INFRA','Enregistrer','Enregistrer les modifications')
INSERT INTO LIBELLE_JAVA VALUES('infra.libelle.commun.bouton.rechercher','FR','INFRA','Rechercher','Effectuer la recherche selon les crit\u00e8res saisis')
INSERT INTO LIBELLE_JAVA VALUES('infra.libelle.commun.bouton.supprimer','FR','INFRA','Supprimer','Supprimer l''enregistrement')
INSERT INTO LIBELLE_JAVA VALUES('infra.libelle.commun.champ.a','FR','INFRA','\u00c0 :',NULL)
INSERT INTO LIBELLE_JAVA VALUES('infra.libelle.commun.champ.de','FR','INFRA','DE :',NULL)
INSERT INTO LIBELLE_JAVA VALUES('infra.libelle.commun.champ.obligatoire','FR','INFRA','Champs obligatoires',NULL)
INSERT INTO LIBELLE_JAVA VALUES('infra.libelle.commun.section.criteres.recherche','FR','INFRA','Crit\u00e8res de recherche',NULL)
INSERT INTO LIBELLE_JAVA VALUES('infra.libelle.commun.section.resultats.recherche','FR','INFRA','R\u00e9sultats de recherche',NULL)
INSERT INTO LIBELLE_JAVA VALUES('infra.libelle.gestionaide.champ.identifiant','FR','INFRA','Identifiant : ','L''identifiant unique du texte d''aide')
INSERT INTO LIBELLE_JAVA VALUES('infra.libelle.gestionaide.champ.langue','FR','INFRA','Langue : ','La langue du texte d''aide contextuelle')
INSERT INTO LIBELLE_JAVA VALUES('infra.libelle.gestionaide.champ.systeme','FR','INFRA','Syst\u00e8me : ','Le syst\u00e8me dans lequel le texte d''aide est utilis\u00e9')
INSERT INTO LIBELLE_JAVA VALUES('infra.libelle.gestionaide.champ.texte','FR','INFRA','Texte aide : ','Le texte d''aide affich\u00e9')
INSERT INTO LIBELLE_JAVA VALUES('infra.libelle.gestionaide.champ.titre','FR','INFRA','Titre :','Titre du texte d''aide')
INSERT INTO LIBELLE_JAVA VALUES('infra.libelle.gestionaide.entete.indentifiant','FR','INFRA','Identifiant','L''identifiant unique du texte d''aide')
INSERT INTO LIBELLE_JAVA VALUES('infra.libelle.gestionaide.entete.langue','FR','INFRA','Langue','La langue du texte d''aide')
INSERT INTO LIBELLE_JAVA VALUES('infra.libelle.gestionaide.entete.systeme','FR','INFRA','Syst\u00e8me','Le syst\u00e8me dans lequel est utilis\u00e9 le texte d''aide')
INSERT INTO LIBELLE_JAVA VALUES('infra.libelle.gestionaide.entete.texte','FR','INFRA','Aide','Le texte d''aide affich\u00e9')
INSERT INTO LIBELLE_JAVA VALUES('infra.libelle.gestionaide.entete.titre','FR','INFRA','Titre','Titre du texte d''aide')
INSERT INTO LIBELLE_JAVA VALUES('infra.libelle.gestionaide.liste.element','FR','INFRA','texte(s) d''''aide','Nombre de textes d''aide')
INSERT INTO LIBELLE_JAVA VALUES('infra.libelle.gestionaide.section.detail','FR','INFRA','Aide',NULL)
INSERT INTO LIBELLE_JAVA VALUES('infra.libelle.gestionjournalisation.champ.codeutilisateur','FR','INFRA','Code utilisateur :',NULL)
INSERT INTO LIBELLE_JAVA VALUES('infra.libelle.gestionjournalisation.champ.descriptionaction','FR','INFRA','Description de l''action :',NULL)
INSERT INTO LIBELLE_JAVA VALUES('infra.libelle.gestionjournalisation.champ.detail.dateheure','FR','INFRA','Date / heure :',NULL)
INSERT INTO LIBELLE_JAVA VALUES('infra.libelle.gestionjournalisation.champ.recherche.dateheure','FR','INFRA','Date / heure  DE :',NULL)
INSERT INTO LIBELLE_JAVA VALUES('infra.libelle.gestionjournalisation.compteur.actions','FR','INFRA','action(s)',NULL)
INSERT INTO LIBELLE_JAVA VALUES('infra.libelle.gestionjournalisation.compteur.utilisateurs','FR','INFRA','utilisateur(s)',NULL)
INSERT INTO LIBELLE_JAVA VALUES('infra.libelle.gestionjournalisation.entete.codeutilisateur','FR','INFRA','Code utilisateur',NULL)
INSERT INTO LIBELLE_JAVA VALUES('infra.libelle.gestionjournalisation.entete.date','FR','INFRA','Date',NULL)
INSERT INTO LIBELLE_JAVA VALUES('infra.libelle.gestionjournalisation.entete.description','FR','INFRA','Description',NULL)
INSERT INTO LIBELLE_JAVA VALUES('infra.libelle.gestionjournalisation.entete.nom','FR','INFRA','Nom',NULL)
INSERT INTO LIBELLE_JAVA VALUES('infra.libelle.gestionjournalisation.entete.prenom','FR','INFRA','Pr\u00e9nom',NULL)
INSERT INTO LIBELLE_JAVA VALUES('infra.libelle.gestionjournalisation.section.action.journalisee','FR','INFRA','Action journalis\u00e9e',NULL)
INSERT INTO LIBELLE_JAVA VALUES('infra.libelle.gestionjournalisation.section.liste.utilisateurs','FR','INFRA','Liste des utilisateurs',NULL)
INSERT INTO LIBELLE_JAVA VALUES('infra.libelle.gestionlibelle.champ.aide','FR','INFRA','Info-bulle :','Texte d''aide reli\u00e9 au libell\u00e9')
INSERT INTO LIBELLE_JAVA VALUES('infra.libelle.gestionlibelle.champ.identifiant','FR','INFRA','Identifiant :','L''identifiant unique du libell\u00e9')
INSERT INTO LIBELLE_JAVA VALUES('infra.libelle.gestionlibelle.champ.langue','FR','INFRA','Langue :','La langue du libell\u00e9')
INSERT INTO LIBELLE_JAVA VALUES('infra.libelle.gestionlibelle.champ.libelle','FR','INFRA','Libell\u00e9 :','Le texte du libell\u00e9')
INSERT INTO LIBELLE_JAVA VALUES('infra.libelle.gestionlibelle.champ.systeme','FR','INFRA','Syst\u00e8me :','Le syst\u00e8me dans lequel le libell\u00e9 fait partie')
INSERT INTO LIBELLE_JAVA VALUES('infra.libelle.gestionlibelle.entete.indentifiant','FR','INFRA','Identifiant','L''identifiant du libell\u00e9')
INSERT INTO LIBELLE_JAVA VALUES('infra.libelle.gestionlibelle.entete.langue','FR','INFRA','Langue','La langue du libell\u00e9')
INSERT INTO LIBELLE_JAVA VALUES('infra.libelle.gestionlibelle.entete.libelle','FR','INFRA','Libell\u00e9','Le texte du libell\u00e9')
INSERT INTO LIBELLE_JAVA VALUES('infra.libelle.gestionlibelle.entete.systeme','FR','INFRA','Syst\u00e8me','Le syst\u00e8me dans lequel le libell\u00e9 fait partie')
INSERT INTO LIBELLE_JAVA VALUES('infra.libelle.gestionlibelle.liste.element','FR','INFRA','libell\u00e9(s)',NULL)
INSERT INTO LIBELLE_JAVA VALUES('infra.libelle.gestionlibelle.section.detail','FR','INFRA','D\u00e9tail du libell\u00e9',NULL)
INSERT INTO LIBELLE_JAVA VALUES('infra.libelle.message.bouton.creer','FR','INFRA','Cr\u00e9er',NULL)
INSERT INTO LIBELLE_JAVA VALUES('infra.libelle.message.bouton.enregistrer','FR','INFRA','Enregistrer',NULL)
INSERT INTO LIBELLE_JAVA VALUES('infra.libelle.message.bouton.rechercher','FR','INFRA','Rechercher',NULL)
INSERT INTO LIBELLE_JAVA VALUES('infra.libelle.message.bouton.supprimer','FR','INFRA','Supprimer',NULL)
INSERT INTO LIBELLE_JAVA VALUES('infra.libelle.message.champ.identifiant','FR','INFRA','Identifiant : ',NULL)
INSERT INTO LIBELLE_JAVA VALUES('infra.libelle.message.champ.langue','FR','INFRA','Langue :',NULL)
INSERT INTO LIBELLE_JAVA VALUES('infra.libelle.message.champ.message','FR','INFRA','Message',NULL)
INSERT INTO LIBELLE_JAVA VALUES('infra.libelle.message.champ.systeme','FR','INFRA','Syst\u00e8me : ',NULL)
INSERT INTO LIBELLE_JAVA VALUES('infra.libelle.message.champ.type','FR','INFRA','Type de message :',NULL)
INSERT INTO LIBELLE_JAVA VALUES('infra.libelle.message.code.severite.avertissement','FR','INFRA','Avertissement',NULL)
INSERT INTO LIBELLE_JAVA VALUES('infra.libelle.message.code.severite.confirmation','FR','INFRA','Confirmation',NULL)
INSERT INTO LIBELLE_JAVA VALUES('infra.libelle.message.code.severite.erreur','FR','INFRA','Erreur',NULL)
INSERT INTO LIBELLE_JAVA VALUES('infra.libelle.message.code.severite.information','FR','INFRA','Information',NULL)
INSERT INTO LIBELLE_JAVA VALUES('infra.libelle.message.entete.identifiant','FR','INFRA','Identifiant',NULL)
INSERT INTO LIBELLE_JAVA VALUES('infra.libelle.message.entete.langue','FR','INFRA','Langue',NULL)
INSERT INTO LIBELLE_JAVA VALUES('infra.libelle.message.entete.message','FR','INFRA','Message',NULL)
INSERT INTO LIBELLE_JAVA VALUES('infra.libelle.message.entete.systeme','FR','INFRA','Syst\u00e8me',NULL)
INSERT INTO LIBELLE_JAVA VALUES('infra.libelle.message.liste.element','FR','INFRA','message(s)',NULL)
INSERT INTO LIBELLE_JAVA VALUES('infra.libelle.message.section.detail','FR','INFRA','Message',NULL)
INSERT INTO LIBELLE_JAVA VALUES('infra.libelle.objet.java.libelle.test','FR','INFRA','Test de bloc','Test de bloc - Text d''aide')
INSERT INTO LIBELLE_JAVA VALUES('infra.libelle.objet.java.onglet.aide.detail','FR','INFRA','Aide contextuelle',NULL)
INSERT INTO LIBELLE_JAVA VALUES('infra.libelle.objet.java.onglet.aide.recherche','FR','INFRA','Recherche',NULL)
INSERT INTO LIBELLE_JAVA VALUES('infra.libelle.objet.java.onglet.journalisation.detail','FR','INFRA','D\u00e9tail',NULL)
INSERT INTO LIBELLE_JAVA VALUES('infra.libelle.objet.java.onglet.journalisation.recherche','FR','INFRA','Recherche',NULL)
INSERT INTO LIBELLE_JAVA VALUES('infra.libelle.objet.java.onglet.libelle.detail','FR','INFRA','D\u00e9tail','D\u00e9tail du libell\u00e9')
INSERT INTO LIBELLE_JAVA VALUES('infra.libelle.objet.java.onglet.libelle.recherche','FR','INFRA','Recherche','Rechercher les libell\u00e9s')
INSERT INTO LIBELLE_JAVA VALUES('infra.libelle.objet.java.onglet.message.detail','FR','INFRA','Message',NULL)
INSERT INTO LIBELLE_JAVA VALUES('infra.libelle.objet.java.onglet.message.recherche','FR','INFRA','Recherche',NULL)
INSERT INTO LIBELLE_JAVA VALUES('infra.libelle.objet.java.onglet.ref.detail','FR','INFRA','D\u00e9tail',NULL)
INSERT INTO LIBELLE_JAVA VALUES('infra.libelle.objet.java.onglet.ref.recherche','FR','INFRA','Recherche',NULL)
INSERT INTO LIBELLE_JAVA VALUES('infra.libelle.objet.java.onglet.ref.structure','FR','INFRA','Structure r\u00e9f\u00e9rentiel','Vue g\u00e9n\u00e9rale du r\u00e9f\u00e9rentiel')
INSERT INTO LIBELLE_JAVA VALUES('infra.libelle.objet.java.section.pilotage','FR','INFRA','Pilotage',NULL)
INSERT INTO LIBELLE_JAVA VALUES('infra.libelle.objet.java.service.accueil','FR','INFRA','Accueil',NULL)
INSERT INTO LIBELLE_JAVA VALUES('infra.libelle.objet.java.service.aide','FR','INFRA','Gestion des textes d''aide contextuelle',NULL)
INSERT INTO LIBELLE_JAVA VALUES('infra.libelle.objet.java.service.journalisation','FR','INFRA','Consulter le journal des actions',NULL)
INSERT INTO LIBELLE_JAVA VALUES('infra.libelle.objet.java.service.libelle','FR','INFRA','Gestion des libell\u00e9s',NULL)
INSERT INTO LIBELLE_JAVA VALUES('infra.libelle.objet.java.service.message','FR','INFRA','Gestion des messages',NULL)
INSERT INTO LIBELLE_JAVA VALUES('infra.libelle.objet.java.service.ref','FR','INFRA','Mettre \u00e0 jour le r\u00e9f\u00e9rentiel',NULL)
INSERT INTO LIBELLE_JAVA VALUES('infra.libelle.referentiel.bouton.consulter','FR','INFRA','Consulter',NULL)
INSERT INTO LIBELLE_JAVA VALUES('infra.libelle.referentiel.bouton.creer','FR','INFRA','Cr\u00e9er',NULL)
INSERT INTO LIBELLE_JAVA VALUES('infra.libelle.referentiel.bouton.enregistrer','FR','INFRA','Enregistrer',NULL)
INSERT INTO LIBELLE_JAVA VALUES('infra.libelle.referentiel.bouton.rechercher','FR','INFRA','Rechercher',NULL)
INSERT INTO LIBELLE_JAVA VALUES('infra.libelle.referentiel.bouton.structure.aide','FR','INFRA','Visualiser l''objet r\u00e9f\u00e9rentiel dans la structure.',NULL)
INSERT INTO LIBELLE_JAVA VALUES('infra.libelle.referentiel.bouton.supprimer','FR','INFRA','Supprimer',NULL)
INSERT INTO LIBELLE_JAVA VALUES('infra.libelle.referentiel.champ.adresse.web','FR','INFRA','Adresse Web :',NULL)
INSERT INTO LIBELLE_JAVA VALUES('infra.libelle.referentiel.champ.application','FR','INFRA','Syst\u00e8me :',NULL)
INSERT INTO LIBELLE_JAVA VALUES('infra.libelle.referentiel.champ.date.debut.activation','FR','INFRA','Date de d\u00e9but d''activation :',NULL)
INSERT INTO LIBELLE_JAVA VALUES('infra.libelle.referentiel.champ.date.fin.activation','FR','INFRA','Date de fin d''activation :',NULL)
INSERT INTO LIBELLE_JAVA VALUES('infra.libelle.referentiel.champ.description','FR','INFRA','Description :',NULL)
INSERT INTO LIBELLE_JAVA VALUES('infra.libelle.referentiel.champ.libelle','FR','INFRA','Libell\u00e9 :',NULL)
INSERT INTO LIBELLE_JAVA VALUES('infra.libelle.referentiel.champ.nom','FR','INFRA','Nom:',NULL)
INSERT INTO LIBELLE_JAVA VALUES('infra.libelle.referentiel.champ.nom.action','FR','INFRA','Nom action :',NULL)
INSERT INTO LIBELLE_JAVA VALUES('infra.libelle.referentiel.champ.nom.parametre','FR','INFRA','Nom param\u00e8tre :',NULL)
INSERT INTO LIBELLE_JAVA VALUES('infra.libelle.referentiel.champ.objet.parent','FR','INFRA','Composant parent :',NULL)
SET REFERENTIAL_INTEGRITY FALSE

INSERT INTO LIBELLE_JAVA VALUES('infra.libelle.referentiel.champ.objet.securise','FR','INFRA','Composant s\u00e9curis\u00e9 :',NULL)
INSERT INTO LIBELLE_JAVA VALUES('infra.libelle.referentiel.champ.ordre.affichage','FR','INFRA','Ordre d''affichage :',NULL)
INSERT INTO LIBELLE_JAVA VALUES('infra.libelle.referentiel.champ.seq.objet','FR','INFRA','ID composant:',NULL)
INSERT INTO LIBELLE_JAVA VALUES('infra.libelle.referentiel.champ.statut.activation','FR','INFRA','Statut d''activation :',NULL)
INSERT INTO LIBELLE_JAVA VALUES('infra.libelle.referentiel.champ.type','FR','INFRA','Type :',NULL)
INSERT INTO LIBELLE_JAVA VALUES('infra.libelle.referentiel.entete.application','FR','INFRA','Syst\u00e8me',NULL)
INSERT INTO LIBELLE_JAVA VALUES('infra.libelle.referentiel.entete.id','FR','INFRA','ID',NULL)
INSERT INTO LIBELLE_JAVA VALUES('infra.libelle.referentiel.entete.nom','FR','INFRA','Nom',NULL)
INSERT INTO LIBELLE_JAVA VALUES('infra.libelle.referentiel.liste.element','FR','INFRA','occurance(s)',NULL)
INSERT INTO LIBELLE_JAVA VALUES('infra.libelle.referentiel.message.confirmation.supprimer','FR','INFRA','\u00cates-vous certain de vouloir supprimer l''objet r\u00e9f\u00e9rentiel ''{0}''?',NULL)
INSERT INTO LIBELLE_JAVA VALUES('infra.libelle.referentiel.section.detail','FR','INFRA','D\u00e9tail de l''objet',NULL)
INSERT INTO LIBELLE_JAVA VALUES('infra.libelle.referentiel.section.liste.parents','FR','INFRA','Liste des objets du r\u00e9f\u00e9rentiel',NULL)
INSERT INTO LIBELLE_JAVA VALUES('infra.libelle.referentiel.section.structure','FR','INFRA','Structure du r\u00e9f\u00e9rentiel',NULL)
INSERT INTO LIBELLE_JAVA VALUES('infra.libelle.referentiel.statut.activation.actif','FR','INFRA','Actif',NULL)
INSERT INTO LIBELLE_JAVA VALUES('infra.libelle.referentiel.statut.activation.inactif','FR','INFRA','Inactif',NULL)
INSERT INTO LIBELLE_JAVA VALUES('infra.libelle.referentiel.type.bloc','FR','INFRA','Bloc',NULL)
INSERT INTO LIBELLE_JAVA VALUES('infra.libelle.referentiel.type.item','FR','INFRA','Item',NULL)
INSERT INTO LIBELLE_JAVA VALUES('infra.libelle.referentiel.type.onglet','FR','INFRA','Onglet',NULL)
INSERT INTO LIBELLE_JAVA VALUES('infra.libelle.referentiel.type.section','FR','INFRA','Section',NULL)
INSERT INTO LIBELLE_JAVA VALUES('infra.libelle.referentiel.type.service','FR','INFRA','Service',NULL)
INSERT INTO LIBELLE_JAVA VALUES('pimiq.commun.liste.document.bibliographie.element','FR','PIMIQ','document(s) bibliographique(s)',NULL)
INSERT INTO LIBELLE_JAVA VALUES('pimiq.libelle.accueil.titre','FR','PIMIQ','Patrimoine immobilier, mobilier et immat\u00e9riel du Qu\u00e9bec',NULL)
INSERT INTO LIBELLE_JAVA VALUES('pimiq.libelle.commun.champ.obligatoire','FR','PIMIQ','Champs obligatoires',NULL)
INSERT INTO LIBELLE_JAVA VALUES('pimiq.libelle.commun.section.criteres.recherche','FR','PIMIQ','Crit\u00e8res de recherche',NULL)
INSERT INTO LIBELLE_JAVA VALUES('pimiq.libelle.commun.titre.liste.bibliographie','FR','PIMIQ','Liste de documents bibliographiques',NULL)
INSERT INTO LIBELLE_JAVA VALUES('pimiq.libelle.objet.java.onglet.pimiq010105.detail','FR','PIMIQ','D\u00e9tail',NULL)
INSERT INTO LIBELLE_JAVA VALUES('pimiq.libelle.objet.java.onglet.pimiq010105.rechercher','FR','PIMIQ','Recherche',NULL)
INSERT INTO LIBELLE_JAVA VALUES('pimiq.libelle.objet.java.section.pilotage','FR','PIMIQ','Pilotage',NULL)
INSERT INTO LIBELLE_JAVA VALUES('pimiq.libelle.objet.java.service.envoyer.rclp','FR','PIMIQ','Exporter les donn\u00e9es au RCLP',NULL)
INSERT INTO LIBELLE_JAVA VALUES('pimiq.libelle.objet.java.service.exportation.edit','FR','PIMIQ','Exporter les donn\u00e9es au MRNF-EDIT',NULL)
INSERT INTO LIBELLE_JAVA VALUES('pimiq.libelle.objet.java.service.gestion.bibliographie','FR','PIMIQ','Mettre \u00e0 jour un document bibliographique',NULL)
INSERT INTO LIBELLE_JAVA VALUES('pimiq.libelle.pimiq.010106.champ.description','FR','PIMIQ','Description :',NULL)
INSERT INTO LIBELLE_JAVA VALUES('pimiq.libelle.pimiq010105.bouton.ajouter.pages.extremes','FR','PIMIQ','Ajouter pages extr\u00eames',NULL)
INSERT INTO LIBELLE_JAVA VALUES('pimiq.libelle.pimiq010105.bouton.annuler','FR','PIMIQ','Annuler',NULL)
INSERT INTO LIBELLE_JAVA VALUES('pimiq.libelle.pimiq010105.bouton.creer.auteur','FR','PIMIQ','Cr\u00e9er auteur',NULL)
INSERT INTO LIBELLE_JAVA VALUES('pimiq.libelle.pimiq010105.bouton.enregistrer','FR','PIMIQ','Enregistrer',NULL)
INSERT INTO LIBELLE_JAVA VALUES('pimiq.libelle.pimiq010105.bouton.nouvel.auteur','FR','PIMIQ','Ajouter auteur',NULL)
INSERT INTO LIBELLE_JAVA VALUES('pimiq.libelle.pimiq010105.bouton.nouvelle.notice','FR','PIMIQ','Nouvelle notice',NULL)
INSERT INTO LIBELLE_JAVA VALUES('pimiq.libelle.pimiq010105.bouton.rafraichir.notice','FR','PIMIQ','Rafra\u00eechir la notice',NULL)
INSERT INTO LIBELLE_JAVA VALUES('pimiq.libelle.pimiq010105.bouton.rechercher','FR','PIMIQ','Rechercher',NULL)
INSERT INTO LIBELLE_JAVA VALUES('pimiq.libelle.pimiq010105.bouton.reinitialiser','FR','PIMIQ','R\u00e9initialiser',NULL)
INSERT INTO LIBELLE_JAVA VALUES('pimiq.libelle.pimiq010105.bouton.supprimer','FR','PIMIQ','Supprimer',NULL)
INSERT INTO LIBELLE_JAVA VALUES('pimiq.libelle.pimiq010105.bouton.supprimer.auteur','FR','PIMIQ','Supprimer',NULL)
INSERT INTO LIBELLE_JAVA VALUES('pimiq.libelle.pimiq010105.champ.adresse.web','FR','PIMIQ','Adresse web :',NULL)
INSERT INTO LIBELLE_JAVA VALUES('pimiq.libelle.pimiq010105.champ.annee.edition','FR','PIMIQ','Ann\u00e9e d''\u00e9dition :',NULL)
INSERT INTO LIBELLE_JAVA VALUES('pimiq.libelle.pimiq010105.champ.collection','FR','PIMIQ','Collection :',NULL)
INSERT INTO LIBELLE_JAVA VALUES('pimiq.libelle.pimiq010105.champ.date.consultation','FR','PIMIQ','Date de consultation :',NULL)
INSERT INTO LIBELLE_JAVA VALUES('pimiq.libelle.pimiq010105.champ.date.document','FR','PIMIQ','Date du document :',NULL)
INSERT INTO LIBELLE_JAVA VALUES('pimiq.libelle.pimiq010105.champ.lieu.edition','FR','PIMIQ','Lieu d''\u00e9dition :',NULL)
INSERT INTO LIBELLE_JAVA VALUES('pimiq.libelle.pimiq010105.champ.maison.edition','FR','PIMIQ','Maison d''\u00e9dition :',NULL)
INSERT INTO LIBELLE_JAVA VALUES('pimiq.libelle.pimiq010105.champ.nom.auteur','FR','PIMIQ','Nom de l''auteur :',NULL)
INSERT INTO LIBELLE_JAVA VALUES('pimiq.libelle.pimiq010105.champ.nom.auteur.notice.parent','FR','PIMIQ','Nom de l''auteur :',NULL)
INSERT INTO LIBELLE_JAVA VALUES('pimiq.libelle.pimiq010105.champ.nombre.page','FR','PIMIQ','Nombre de pages :',NULL)
INSERT INTO LIBELLE_JAVA VALUES('pimiq.libelle.pimiq010105.champ.non.disponible','FR','PIMIQ','n.d. :',NULL)
INSERT INTO LIBELLE_JAVA VALUES('pimiq.libelle.pimiq010105.champ.numero.collection','FR','PIMIQ','Num\u00e9ro de collection :',NULL)
INSERT INTO LIBELLE_JAVA VALUES('pimiq.libelle.pimiq010105.champ.numero.revue','FR','PIMIQ','Num\u00e9ro de revue :',NULL)
INSERT INTO LIBELLE_JAVA VALUES('pimiq.libelle.pimiq010105.champ.pages.extremes','FR','PIMIQ','Pages extr\u00eames :',NULL)
INSERT INTO LIBELLE_JAVA VALUES('pimiq.libelle.pimiq010105.champ.prenom.auteur','FR','PIMIQ','Pr\u00e9nom de l''auteur :',NULL)
INSERT INTO LIBELLE_JAVA VALUES('pimiq.libelle.pimiq010105.champ.prenom.auteur.notice.parent','FR','PIMIQ','Pr\u00e9nom de l''auteur :',NULL)
INSERT INTO LIBELLE_JAVA VALUES('pimiq.libelle.pimiq010105.champ.resume','FR','PIMIQ','R\u00e9sum\u00e9 :',NULL)
INSERT INTO LIBELLE_JAVA VALUES('pimiq.libelle.pimiq010105.champ.source.resume','FR','PIMIQ','Source du r\u00e9sum\u00e9 :',NULL)
INSERT INTO LIBELLE_JAVA VALUES('pimiq.libelle.pimiq010105.champ.titre','FR','PIMIQ','Titre :',NULL)
INSERT INTO LIBELLE_JAVA VALUES('pimiq.libelle.pimiq010105.champ.titre.notice.parent','FR','PIMIQ','Titre :',NULL)
INSERT INTO LIBELLE_JAVA VALUES('pimiq.libelle.pimiq010105.champ.type.document','FR','PIMIQ','Type de document :',NULL)
INSERT INTO LIBELLE_JAVA VALUES('pimiq.libelle.pimiq010105.champ.universite','FR','PIMIQ','Universit\u00e9 :',NULL)
INSERT INTO LIBELLE_JAVA VALUES('pimiq.libelle.pimiq010105.champ.volume','FR','PIMIQ','Volume :',NULL)
INSERT INTO LIBELLE_JAVA VALUES('pimiq.libelle.pimiq010105.colonne.annee.edition','FR','PIMIQ','Ann\u00e9e d''\u00e9dition',NULL)
INSERT INTO LIBELLE_JAVA VALUES('pimiq.libelle.pimiq010105.colonne.enlever.auteur','FR','PIMIQ','Enlever l''auteur',NULL)
INSERT INTO LIBELLE_JAVA VALUES('pimiq.libelle.pimiq010105.colonne.indicateur.directeur','FR','PIMIQ','Indicateur directeur',NULL)
INSERT INTO LIBELLE_JAVA VALUES('pimiq.libelle.pimiq010105.colonne.nom.auteur','FR','PIMIQ','Nom de l''auteur',NULL)
INSERT INTO LIBELLE_JAVA VALUES('pimiq.libelle.pimiq010105.colonne.non.disponible','FR','PIMIQ','n.d.',NULL)
INSERT INTO LIBELLE_JAVA VALUES('pimiq.libelle.pimiq010105.colonne.numero.revue','FR','PIMIQ','Num\u00e9ro de revue',NULL)
INSERT INTO LIBELLE_JAVA VALUES('pimiq.libelle.pimiq010105.colonne.prenom.auteur','FR','PIMIQ','Pr\u00e9nom de l''auteur',NULL)
INSERT INTO LIBELLE_JAVA VALUES('pimiq.libelle.pimiq010105.colonne.titre','FR','PIMIQ','Titre',NULL)
INSERT INTO LIBELLE_JAVA VALUES('pimiq.libelle.pimiq010105.colonne.volume','FR','PIMIQ','Volume',NULL)
INSERT INTO LIBELLE_JAVA VALUES('pimiq.libelle.pimiq010105.liste.auteur.element','FR','PIMIQ','auteur(s)',NULL)
INSERT INTO LIBELLE_JAVA VALUES('pimiq.libelle.pimiq010105.liste.colonne.notice','FR','PIMIQ','Notice bibliographique',NULL)
INSERT INTO LIBELLE_JAVA VALUES('pimiq.libelle.pimiq010105.liste.element','FR','PIMIQ','notice(s)',NULL)
INSERT INTO LIBELLE_JAVA VALUES('pimiq.libelle.pimiq010105.section.auteur','FR','PIMIQ','Auteur',NULL)
INSERT INTO LIBELLE_JAVA VALUES('pimiq.libelle.pimiq010105.section.detail.auteur','FR','PIMIQ','D\u00e9tail de l''auteur',NULL)
INSERT INTO LIBELLE_JAVA VALUES('pimiq.libelle.pimiq010105.section.detail.notice','FR','PIMIQ','D\u00e9tail du document',NULL)
INSERT INTO LIBELLE_JAVA VALUES('pimiq.libelle.pimiq010105.section.document.parent','FR','PIMIQ','Document parent',NULL)
INSERT INTO LIBELLE_JAVA VALUES('pimiq.libelle.pimiq010105.section.liste.auteur','FR','PIMIQ','Liste des auteurs',NULL)
INSERT INTO LIBELLE_JAVA VALUES('pimiq.libelle.pimiq010105.section.liste.document.parent','FR','PIMIQ','Liste des documents bibliographiques',NULL)
INSERT INTO LIBELLE_JAVA VALUES('pimiq.libelle.pimiq010105.section.liste.notice','FR','PIMIQ','Liste des notices bibliographiques',NULL)
INSERT INTO LIBELLE_JAVA VALUES('pimiq.libelle.pimiq010105.section.notice','FR','PIMIQ','Notice bibliographique',NULL)
INSERT INTO LIBELLE_JAVA VALUES('pimiq.libelle.pimiq010105.titre','FR','PIMIQ','Mettre \u00e0 jour un document bibliographique',NULL)
INSERT INTO LIBELLE_JAVA VALUES('pimiq.libelle.pimiq010105.titre.creation.auteur','FR','PIMIQ','Cr\u00e9ation d''un auteur',NULL)
INSERT INTO LIBELLE_JAVA VALUES('pimiq.libelle.pimiq010106.champ.annee.image','FR','PIMIQ','Ann\u00e9e de la prise de l''image :',NULL)
INSERT INTO LIBELLE_JAVA VALUES('pimiq.libelle.pimiq010106.champ.copyright','FR','PIMIQ','Droits d''auteurs :',NULL)
INSERT INTO LIBELLE_JAVA VALUES('pimiq.libelle.pimiq010106.champ.fichier.image','FR','PIMIQ','Fichier d''image \u00e0 importer :',NULL)
INSERT INTO LIBELLE_JAVA VALUES('pimiq.libelle.pimiq010106.champ.image.principale','FR','PIMIQ','Image principale :',NULL)
INSERT INTO LIBELLE_JAVA VALUES('pimiq.libelle.pimiq010106.champ.indicateur.diffusion.mcc','FR','PIMIQ','Indicateur de diffusion sur le site du MCC :',NULL)
INSERT INTO LIBELLE_JAVA VALUES('pimiq.libelle.pimiq010106.champ.indicateur.diffusion.rclp','FR','PIMIQ','Indicateur de diffusion au RCLP :',NULL)
INSERT INTO LIBELLE_JAVA VALUES('pimiq.libelle.pimiq010106.champ.nom.fichier.origine','FR','PIMIQ','Nom du fichier d''origine :',NULL)
INSERT INTO LIBELLE_JAVA VALUES('pimiq.libelle.pimiq010106.champ.photographe','FR','PIMIQ','Photographe :',NULL)
INSERT INTO LIBELLE_JAVA VALUES('pimiq.libelle.pimiq010106.champ.prise.de.vue','FR','PIMIQ','Prise de vue :',NULL)
INSERT INTO LIBELLE_JAVA VALUES('pimiq.libelle.pimiq010106.champ.type.image.mcc','FR','PIMIQ','Type d''image MCC :',NULL)
INSERT INTO LIBELLE_JAVA VALUES('pimiq.libelle.pimiq010106.section.copyright','FR','PIMIQ','Droits d''auteurs',NULL)
INSERT INTO LIBELLE_JAVA VALUES('pimiq.libelle.pimiq010106.section.detail.image','FR','PIMIQ','D\u00e9tail de l''image',NULL)
INSERT INTO LIBELLE_JAVA VALUES('pimiq.libelle.pimiq010106.titre.gestion.image','FR','PIMIQ','G\u00e9rer les images',NULL)
INSERT INTO LIBELLE_JAVA VALUES('pimiq.libelle.pimiq010106.titre.visualiser.image','FR','PIMIQ','Visualiser une image',NULL)
INSERT INTO LIBELLE_JAVA VALUES('pimiq.libelle.pimiq010150.champ.titre.site','FR','PIMIQ','Titre du site :',NULL)
INSERT INTO LIBELLE_JAVA VALUES('pimiq.libelle.pimiq010160.champ.type.image.rclp','FR','PIMIQ','Type d''image RCLP :',NULL)
INSERT INTO LIBELLE_JAVA VALUES('pimiq.libelle.pimiq020101.acceder','FR','PIMIQ','Cette op\u00e9ration peut prendre plusieurs minutes, \u00eates vous s\u00fbr de vouloir la compl\u00e9ter?',NULL)
INSERT INTO LIBELLE_JAVA VALUES('pimiq.libelle.pimiq020101.bouton.chercherliste','FR','PIMIQ','Selectionner les biens',NULL)
INSERT INTO LIBELLE_JAVA VALUES('pimiq.libelle.pimiq020101.bouton.exporter','FR','PIMIQ','Exporter la s\u00e9lection',NULL)
INSERT INTO LIBELLE_JAVA VALUES('pimiq.libelle.pimiq020101.bouton.exportertout','FR','PIMIQ','Exporter tout',NULL)
INSERT INTO LIBELLE_JAVA VALUES('pimiq.libelle.pimiq020101.colonne.id.rclp','FR','PIMIQ','Identifiant RCLP',NULL)
INSERT INTO LIBELLE_JAVA VALUES('pimiq.libelle.pimiq020101.colonne.indicateur.selection','FR','PIMIQ','S\u00e9lection','Pour envoyer plusieurs biens au RCLP, il faut s\u00e9lectionner les biens d\u00e9sir\u00e9s \u00e0 l''aide des cases \u00e0 cocher et ensuite appuyer sur le bouton libell\u00e9 Exporter la s\u00e9lection.')
INSERT INTO LIBELLE_JAVA VALUES('pimiq.libelle.pimiq020101.colonne.nom.bien','FR','PIMIQ','Bien',NULL)
INSERT INTO LIBELLE_JAVA VALUES('pimiq.libelle.pimiq020101.colonne.protection','FR','PIMIQ','Protection',NULL)
INSERT INTO LIBELLE_JAVA VALUES('pimiq.libelle.pimiq020101.indicateur.aucune.donnee','FR','PIMIQ','Il n''y a aucune donn\u00e9e \u00e0 exporter vers le RCLP.',NULL)
INSERT INTO LIBELLE_JAVA VALUES('pimiq.libelle.pimiq020101.nombre.demande.succes','FR','PIMIQ','Nombre de fiches correctement envoy\u00e9es au RCLP :',NULL)
INSERT INTO LIBELLE_JAVA VALUES('pimiq.libelle.pimiq020101.nombre.demande.transfert','FR','PIMIQ','Nombre de fiches \u00e0 envoyer au RCLP :',NULL)
INSERT INTO LIBELLE_JAVA VALUES('pimiq.libelle.pimiq020101.section.detail.transfert','FR','PIMIQ','D\u00e9tail du transfert',NULL)
INSERT INTO LIBELLE_JAVA VALUES('pimiq.libelle.pimiq020101.section.sommaire.transfert','FR','PIMIQ','Sommaire du transfert',NULL)
INSERT INTO LIBELLE_JAVA VALUES('pimiq.libelle.pimiq020101.titre','FR','PIMIQ','Exportation des donn\u00e9es vers le RCLP',NULL)
INSERT INTO LIBELLE_JAVA VALUES('pimiq.libelle.pimiq020102.bouton.exporter','FR','PIMIQ','Exporter les donn\u00e9es en diff\u00e9r\u00e9',NULL)
INSERT INTO LIBELLE_JAVA VALUES('pimiq.libelle.pimiq020102.section.exporter','FR','PIMIQ','Exportation vers le MRNF-EDIT',NULL)
INSERT INTO LIBELLE_JAVA VALUES('pimiq.libelle.pimiq020102.titre','FR','PIMIQ','Exportation des donn\u00e9es vers le MRNF-EDIT',NULL)
INSERT INTO OBJET_JAVA VALUES(42,'SC','A','goaf.libelle.objet.java.section.demande.aide','Menu Demande d''aide financi\u00e8re',NULL,NULL,NULL,'2005-05-20',NULL,1,'DIAPASON','N',NULL)
INSERT INTO OBJET_JAVA VALUES(43,'SE','A','goaf.libelle.objet.java.service.grille.evaluation','Unit\u00e9 de traitement des grilles d''\u00e9valuation','grille','acceder',NULL,'2005-05-20',NULL,1,'DIAPASON','O',42)
INSERT INTO OBJET_JAVA VALUES(44,'ON','A','goaf.libelle.objet.java.onglet.evaluation','Onglet d''\u00e9valuation','grille','actualiser',NULL,'2005-05-20',NULL,1,'DIAPASON','O',43)
INSERT INTO OBJET_JAVA VALUES(45,'SE','A','goaf.libelle.objet.java.service.accueil','Unit\u00e9 de traitement d''accueil','authentification','authentifier',NULL,'2005-05-20',NULL,1,'DIAPASON','N',NULL)
INSERT INTO OBJET_JAVA VALUES(46,'SE','A','infra.libelle.objet.java.service.accueil','Gestion de l''infrastructure SOFI','authentification','authentifier',NULL,'2005-06-06',NULL,1,'INFRA','O',NULL)
INSERT INTO OBJET_JAVA VALUES(47,'SC','A','infra.libelle.objet.java.section.pilotage','Menu sofi',NULL,NULL,NULL,'2005-06-06',NULL,1,'INFRA','O',NULL)
INSERT INTO OBJET_JAVA VALUES(48,'SE','A','infra.libelle.objet.java.service.ref','Service R\u00e9f\u00e9rentiel d''objets Java','referentiel/recherche','afficherRecherche',NULL,'2005-06-06',NULL,1,'INFRA','O',47)
INSERT INTO OBJET_JAVA VALUES(49,'ON','A','infra.libelle.objet.java.onglet.ref.recherche','Recherche d''\u00e9l\u00e9ments du r\u00e9f\u00e9rentiel','referentiel/recherche','rechercher',NULL,'2005-05-05',NULL,1,'INFRA','O',48)
INSERT INTO OBJET_JAVA VALUES(50,'ON','A','infra.libelle.objet.java.onglet.ref.detail','Visualiser et \u00e9diter les d\u00e9tails d''un objet du r\u00e9f\u00e9rentiel Java.','referentiel/detail','consulter',NULL,'2005-05-06',NULL,NULL,'INFRA','O',49)
INSERT INTO OBJET_JAVA VALUES(51,'ON','A','infra.libelle.objet.java.onglet.ref.structure','Structure du R\u00e9f\u00e9rentiel d''objets Java','referentiel/recherche','structure',NULL,'2005-06-13',NULL,2,'INFRA','O',48)
INSERT INTO OBJET_JAVA VALUES(52,'BL','A','infra.libelle.objet.java.libelle.test','Testing 12, 12','','','','2005-06-06','2005-07-14',NULL,'INFRA','O',51)
INSERT INTO OBJET_JAVA VALUES(53,'SE','A','infra.libelle.objet.java.service.journalisation','Service de journalisation','journalisation','acceder',NULL,'2005-06-13',NULL,2,'INFRA','O',47)
INSERT INTO OBJET_JAVA VALUES(54,'ON','A','infra.libelle.objet.java.onglet.journalisation.recherche','Onglet recherche pour journalisation','journalisation','rechercher',NULL,'2005-06-13',NULL,1,'INFRA','O',53)
INSERT INTO OBJET_JAVA VALUES(55,'ON','A','infra.libelle.objet.java.onglet.journalisation.detail','Onglet d\u00e9tail pour journalisation','journalisation','detail',NULL,'2005-06-13',NULL,2,'INFRA','O',54)
INSERT INTO OBJET_JAVA VALUES(56,'SE','A','infra.libelle.objet.java.service.libelle','Service de gestion des libell\u00e9s','gestionLibelle/recherche','acceder',NULL,'2005-06-20',NULL,3,'INFRA','O',47)
INSERT INTO OBJET_JAVA VALUES(57,'ON','A','infra.libelle.objet.java.onglet.libelle.recherche','Onglet recherche pour gestion des libell\u00e9s','gestionLibelle/recherche','rechercher',NULL,'2005-06-20',NULL,1,'INFRA','O',56)
INSERT INTO OBJET_JAVA VALUES(58,'ON','A','infra.libelle.objet.java.onglet.libelle.detail','Onglet d\u00e9tail pour gestion des libell\u00e9s','gestionLibelle/detail','detail',NULL,'2005-06-20',NULL,2,'INFRA','O',57)
INSERT INTO OBJET_JAVA VALUES(59,'SE','A','infra.libelle.objet.java.service.aide','Service de gestion des textes d''aide contextuelle','gestionAide/recherche','acceder',NULL,'2005-06-27',NULL,4,'INFRA','O',47)
INSERT INTO OBJET_JAVA VALUES(60,'ON','A','infra.libelle.objet.java.onglet.aide.recherche','Onglet recherche pour gestion des textes d''aide contextuelle','gestionAide/recherche','rechercher',NULL,'2005-06-27',NULL,1,'INFRA','O',59)
INSERT INTO OBJET_JAVA VALUES(61,'ON','A','infra.libelle.objet.java.onglet.aide.detail','Onglet d\u00e9tail pour gestion des textes d''aide contextuelle.','gestionAide/detail','detail',NULL,'2005-06-27',NULL,2,'INFRA','O',60)
INSERT INTO OBJET_JAVA VALUES(62,'SE','A','infra.libelle.objet.java.service.message','Gestion des messages','message/recherche','acceder',NULL,'2005-07-18',NULL,5,'INFRA','O',47)
INSERT INTO OBJET_JAVA VALUES(63,'ON','A','infra.libelle.objet.java.onglet.message.recherche','Onglet recherche','message/recherche','rechercher',NULL,'2005-07-19',NULL,1,'INFRA','O',62)
INSERT INTO OBJET_JAVA VALUES(64,'ON','A','infra.libelle.objet.java.onglet.message.detail','Onglet d\u00e9tail','message/detail','consulter',NULL,'2005-07-19',NULL,NULL,'INFRA','N',63)
INSERT INTO OBJET_JAVA VALUES(65,'SC','A','pimiq.libelle.objet.java.section.pilotage','Menu Pilotage',NULL,NULL,NULL,'2005-05-20',NULL,1,'PIMIQ','N',NULL)
INSERT INTO OBJET_JAVA VALUES(66,'SE','A','pimiq.libelle.objet.java.service.gestion.bibliographie','Unit\u00e9 de traitement de gestion des documents bibliographiques PIMIQJ010105','rechercheBibliographie','acceder',NULL,'2005-05-20',NULL,1,'PIMIQ','N',65)
INSERT INTO OBJET_JAVA VALUES(67,'ON','A','pimiq.libelle.objet.java.onglet.pimiq010105.rechercher','Onglet Rechercher pour l''unit\u00e9 de gestion des documents bibliographiques PIMIQJ010105','rechercheBibliographie','effectuerRecherche',NULL,'2005-05-20',NULL,1,'PIMIQ','N',66)
INSERT INTO OBJET_JAVA VALUES(68,'ON','A','pimiq.libelle.objet.java.onglet.pimiq010105.detail','Onglet D\u00e9tail pour l''unit\u00e9 de gestion des documents bibliographiques PIMIQJ010105','detailBibliographie','detailNotice',NULL,'2005-05-20',NULL,2,'PIMIQ','N',67)
INSERT INTO OBJET_JAVA VALUES(69,'SE','A','pimiq.libelle.objet.java.service.envoyer.rclp','Unit\u00e9 de traitement d''envoi des donn\u00e9es au RCLP PIMIQJ020201','exportationRclp','acceder',NULL,'2005-05-20',NULL,2,'PIMIQ','N',65)
INSERT INTO OBJET_JAVA VALUES(70,'SE','A','pimiq.libelle.pimiq010106.titre.gestion.image','Sevice temporaire de Gestion des images, ce lien ne doit pas exister dans la version finale','gestionImage','acceder',NULL,'2005-07-21',NULL,4,'PIMIQ','N',65)
INSERT INTO OBJET_JAVA VALUES(71,'SE','A','pimiq.libelle.objet.java.service.exportation.edit','Unit\u00e9 de traitement d''envoi des donn\u00e9es vers le MRNF-EDIT. PIMIQD020102','exportationEdit','acceder',NULL,'2005-05-20',NULL,3,'PIMIQ','N',65)
INSERT INTO MESSAGE VALUES(2,'avertissement.commun.modification.formulaire','FR','PIMIQ','Enregistrement requis.',NULL,'A')
INSERT INTO MESSAGE VALUES(3,'avertissement.infra.gestionlibelle.confirmation.suppression','FR','INFRA','\u00cates-vous certain de vouloir supprimer ce libell\u00e9 ?',NULL,'A')
INSERT INTO MESSAGE VALUES(4,'avertissement.infra.message.supprimer.confirmation','FR','INFRA','\u00cates-vous certain de vouloir supprimer le message actuellement consult\u00e9e? ',NULL,'A')
INSERT INTO MESSAGE VALUES(5,'avertissement.pimiq010105.bibliographie.meme.titre.existante','FR','PIMIQ','Un document bibliographique portant le m\u00eame titre existe d\u00e9j\u00e0. \u00cates-vous certain de vouloir le cr\u00e9er?',NULL,'A')
INSERT INTO MESSAGE VALUES(6,'avertissement.pimiq010105.confirmation.dissociation.auteur','FR','PIMIQ','\u00cates-vous certain de vouloir enlever l''association entre cet auteur et le document en cours?',NULL,'A')
INSERT INTO MESSAGE VALUES(7,'avertissement.pimiq010105.confirmation.suppression.auteur','FR','PIMIQ','\u00cates-vous certain de vouloir supprimer l''auteur {0}?',NULL,'A')
INSERT INTO MESSAGE VALUES(8,'avertissement.pimiq010105.impossible.ajouter.pages.extremes','FR','PIMIQ','Il est impossible d''ajouter un deuxi\u00e8me intervalle de page extr\u00eame si le premier n''est pas renseign\u00e9.',NULL,'A')
INSERT INTO MESSAGE VALUES(9,'avertissement.pimiq020101.confirmation.envoyer.tout.rclp','FR','PIMIQ','Le transfert peut prendre plusieurs minutes. Il est important de laisser la fen\u00eatre ouverte tant que les informations sur le transfert ne s''affichent pas. Voulez-vous proc\u00e9der au transfert?',NULL,'A')
INSERT INTO MESSAGE VALUES(10,'erreur.commun.champ.obligatoire','FR','PIMIQ','Ce champ est obligatoire.',NULL,'E')
INSERT INTO MESSAGE VALUES(11,'erreur.commun.champ.obligatoire.si.autre.champ','FR','PIMIQ','Ce champ est obligatoire si le champ {0} est renseign\u00e9.',NULL,'E')
INSERT INTO MESSAGE VALUES(12,'erreur.commun.date.inferieure.a','FR','PIMIQ','La valeur de ce champ doit \u00eatre inf\u00e9rieure ou \u00e9gale \u00e0 la date du jour.',NULL,'E')
INSERT INTO MESSAGE VALUES(13,'erreur.commun.echec.validation','FR','PIMIQ','Erreur lors de l''ex\u00e9cution du traitement',NULL,'E')
INSERT INTO MESSAGE VALUES(14,'erreur.commun.element.non.trouve','FR','INFRA','L''\u00e9l\u00e9ment d\u00e9sir\u00e9 a \u00e9t\u00e9 supprim\u00e9, veuillez recommencer.',NULL,'E')
INSERT INTO MESSAGE VALUES(15,'erreur.commun.format.code.postal','FR','PIMIQ','Le format doit \u00eatre A9A 9A9',NULL,'E')
INSERT INTO MESSAGE VALUES(16,'erreur.commun.format.courriel','FR','PIMIQ','Le format doit \u00eatre AAAA@AAAA.AAA',NULL,'E')
INSERT INTO MESSAGE VALUES(17,'erreur.commun.format.date','FR','PIMIQ','Le format doit \u00eatre AAAA-MM-JJ.',NULL,'E')
INSERT INTO MESSAGE VALUES(18,'erreur.commun.format.devise','FR','PIMIQ','Le format doit \u00eatre 999.99',NULL,'E')
INSERT INTO MESSAGE VALUES(19,'erreur.commun.format.numerique','FR','PIMIQ','Le format doit \u00eatre num\u00e9rique',NULL,'E')
INSERT INTO MESSAGE VALUES(20,'erreur.commun.format.telephone','FR','PIMIQ','Le format doit \u00eatre 999 999-9999',NULL,'E')
INSERT INTO MESSAGE VALUES(21,'erreur.commun.nombre.erreur.formulaire','FR','PIMIQ','Le formulaire contient {0} erreur(s).',NULL,'E')
INSERT INTO MESSAGE VALUES(22,'erreur.infra.message.identifiant.unique','FR','INFRA','L''identifiant du message doit \u00eatre unique!',NULL,'E')
INSERT INTO MESSAGE VALUES(23,'erreur.infra.message.unit.test.existe','FR','INFRA','Message d''erreur pour les tests unitaire',NULL,'E')
INSERT INTO MESSAGE VALUES(24,'erreur.infra.referentiel.champ.code.application.different.parent','FR','INFRA','Le code d''application doit \u00eatre le m\u00eame que le parent.',NULL,'E')
INSERT INTO MESSAGE VALUES(25,'erreur.infra.referentiel.champ.id.inexistant','FR','INFRA','Il n''existe aucun objet r\u00e9f\u00e9rentiel pour cet ID.',NULL,'E')
INSERT INTO MESSAGE VALUES(26,'erreur.infra.referentiel.champ.parent.invalide','FR','INFRA','L''objet parent ne peut \u00eatre un enfant de l''objet en cours.',NULL,'E')
INSERT INTO MESSAGE VALUES(27,'erreur.infra.referentiel.champ.parent.obligatoire','FR','INFRA','Ce type d''objet doit avoir un parent.',NULL,'E')
INSERT INTO MESSAGE VALUES(28,'erreur.infra.referentiel.champ.unique','FR',' INFRA','Le champ {0} doit \u00eatre unique',NULL,'E')
INSERT INTO MESSAGE VALUES(29,'erreur.infra.referentiel.supprimer.parent','FR','INFRA','Vous devez d''abord supprimer les enfants de l''objet r\u00e9f\u00e9rentiel.',NULL,'E')
INSERT INTO MESSAGE VALUES(30,'erreur.pimiq010105.annee.inferieur.a.mille','FR','PIMIQ','L''ann\u00e9e d''\u00e9dition doit \u00eatre sup\u00e9rieure \u00e0 999.',NULL,'E')
INSERT INTO MESSAGE VALUES(31,'erreur.pimiq010105.aucun.auteur','FR','PIMIQ','Cet auteur ne correspond \u00e0 aucune donn\u00e9e valide.',NULL,'E')
INSERT INTO MESSAGE VALUES(32,'erreur.pimiq010105.aucun.document.parent','FR','PIMIQ','Aucun document bibliographique ne correspond aux donn\u00e9es saisies pour l''identification du document parent.',NULL,'E')
INSERT INTO MESSAGE VALUES(33,'erreur.pimiq010105.auteur.deja.existant','FR','PIMIQ','Il est impossible de cr\u00e9er l''auteur, car il existe d\u00e9j\u00e0.',NULL,'E')
INSERT INTO MESSAGE VALUES(34,'erreur.pimiq010105.auteur.encore.associe','FR','PIMIQ','Il est impossible de supprimer l''auteur {0}, car il est associ\u00e9 au document : {1}.',NULL,'E')
INSERT INTO MESSAGE VALUES(35,'erreur.pimiq010105.auteur.plus.dune.fois','FR','PIMIQ','Cet auteur est pr\u00e9sent plus d''une fois pour ce document bibliographique.',NULL,'E')
INSERT INTO MESSAGE VALUES(36,'erreur.pimiq010105.champ.obligatoire','FR','PIMIQ','Ce champ est obligatoire. Si la donn\u00e9e est inconnue, alors il faut cocher la case ''n.d. :'' associ\u00e9e.',NULL,'E')
INSERT INTO MESSAGE VALUES(37,'erreur.pimiq010105.confirmation.suppression','FR','PIMIQ','\u00cates-vous certain de vouloir supprimer {0}?',NULL,'A')
INSERT INTO MESSAGE VALUES(38,'erreur.pimiq010105.document.possede.association','FR','PIMIQ','Il est impossible de supprimer ce document bibliographique car il est encore li\u00e9 \u00e0 des biens, des personnages, des organismes ou des \u00e9v\u00e9nements.',NULL,'E')
INSERT INTO MESSAGE VALUES(39,'erreur.pimiq010105.nd.champs.present','FR','PIMIQ','La case \u00e0 cocher ''n.d. :'' ne peut \u00eatre coch\u00e9e si le champ associ\u00e9 poss\u00e8de une valeur.',NULL,'E')
INSERT INTO MESSAGE VALUES(40,'erreur.pimiq010105.page.extreme.debut.obligatoire.si page.extreme.fin','FR','PIMIQ','La page extr\u00eame de fin ne peut \u00eatre pr\u00e9sente si la page extr\u00eame de d\u00e9but n''est pas pr\u00e9sente.',NULL,'E')
INSERT INTO MESSAGE VALUES(41,'erreur.pimiq010105.page.extreme.inferieure.a','FR','PIMIQ','La page extr\u00eame de fin doit \u00eatre sup\u00e9rieure \u00e0 la page extr\u00eame de d\u00e9but.',NULL,'E')
INSERT INTO MESSAGE VALUES(42,'erreur.pimiq010105.page.extreme.intervalle.inferieur.a','FR','PIMIQ','Le premier intervalle de pages extr\u00eames doit \u00eatre inf\u00e9rieur au deuxi\u00e8me.',NULL,'E')
INSERT INTO MESSAGE VALUES(43,'erreur.pimiq010105.plus.dun.auteur','FR','PIMIQ','Il existe plus d''un auteur correspondant \u00e0 cette information.',NULL,'E')
INSERT INTO MESSAGE VALUES(44,'erreur.pimiq010105.trop.document.parent','FR','PIMIQ','Plus d''un document bibliographique correspond aux donn\u00e9es saisies pour l''identification du document parent.',NULL,'E')
INSERT INTO MESSAGE VALUES(45,'erreur.pimiq020101.export.rclp','FR','PIMIQ','L''application a rencontr\u00e9 une erreur dans le module g\u00e9rant l''envoi des donn\u00e9es vers le RCLP.',NULL,'E')
INSERT INTO MESSAGE VALUES(46,'erreur.pimiq020101.generation.xml','FR','PIMIQ','L''application a rencontr\u00e9 une erreur lors de la conversion des donn\u00e9es vers le format \u00e0 utiliser pour le transfert au RCLP.',NULL,'E')
INSERT INTO MESSAGE VALUES(47,'erreur.pimiq020101.recuperation.donnees','FR','PIMIQ','L''application a rencontr\u00e9 une erreur lors de la r\u00e9cup\u00e9ration des fiches \u00e0 envoyer au RCLP.',NULL,'E')
INSERT INTO MESSAGE VALUES(48,'information.commun.aucune.modification.transaction','FR','PIMIQ','Aucune modification n''a \u00e9t\u00e9 appliqu\u00e9e au formulaire.',NULL,'I')
INSERT INTO MESSAGE VALUES(49,'information.commun.operation.echec','FR','PIMIQ','Op\u00e9ration \u00e9chou\u00e9e, veuillez essayer plus tard.',NULL,'I')
INSERT INTO MESSAGE VALUES(50,'information.commun.operation.succes','FR','PIMIQ','Op\u00e9ration effectu\u00e9e avec succ\u00e8s.',NULL,'I')
INSERT INTO MESSAGE VALUES(51,'information.commun.rapport.succes','FR','PIMIQ','Le rapport a \u00e9t\u00e9 g\u00e9n\u00e9r\u00e9 avec succ\u00e8s.',NULL,'I')
INSERT INTO MESSAGE VALUES(52,'information.gestionjournalisation.compteur.utilisateurs','FR','INFRA','utilisateur(s)',NULL,'I')
INSERT INTO MESSAGE VALUES(53,'information.gestionlibelle.suppression.effectuee','FR','INFRA','Le libell\u00e9 ''{0}'' a \u00e9t\u00e9 supprim\u00e9 avec succ\u00e8s.',NULL,'I')
INSERT INTO MESSAGE VALUES(54,'information.message.suppression.effectuee','FR','INFRA','Le message ''{0}'' a \u00e9t\u00e9 supprim\u00e9 avec succ\u00e8s.',NULL,'I')
INSERT INTO MESSAGE VALUES(55,'information.pimiq020101.transfert.erreur','FR','PIMIQ','Erreur de transfert',NULL,'I')
INSERT INTO MESSAGE VALUES(56,'information.pimiq020101.transfert.succes','FR','PIMIQ','Transf\u00e9r\u00e9 avec succ\u00e8s',NULL,'I')
INSERT INTO MESSAGE VALUES(58,'test.nouveau','FR','INFRA','Test de nouveau message',NULL,'E')
INSERT INTO TYPE_MESSAGE VALUES('A','Avertissement')
INSERT INTO TYPE_MESSAGE VALUES('C','Confirmation')
INSERT INTO TYPE_MESSAGE VALUES('E','Erreur')
INSERT INTO TYPE_MESSAGE VALUES('I','Information')
INSERT INTO ROLE VALUES ('PiloteDTI', 'Pilote DTI')
INSERT INTO ROLE VALUES ('PiloteDiapason', 'Pilote Diapason')
INSERT INTO ROLE VALUES ('PilotePIMIQ', 'Pilote PIMIQ')
INSERT INTO ROLE_OBJET_JAVA VALUES ('PilotePIMIQ', 65)
INSERT INTO ROLE_OBJET_JAVA VALUES ('PilotePIMIQ', 66)
INSERT INTO ROLE_OBJET_JAVA VALUES ('PilotePIMIQ', 67)
INSERT INTO ROLE_OBJET_JAVA VALUES ('PilotePIMIQ', 68)
INSERT INTO ROLE_OBJET_JAVA VALUES ('PilotePIMIQ', 69)
INSERT INTO ROLE_OBJET_JAVA VALUES ('PilotePIMIQ', 70)
INSERT INTO ROLE_OBJET_JAVA VALUES ('PilotePIMIQ', 71)
INSERT INTO ROLE_OBJET_JAVA VALUES ('PiloteDiapason',42)
INSERT INTO ROLE_OBJET_JAVA VALUES ('PiloteDiapason',43)
INSERT INTO ROLE_OBJET_JAVA VALUES ('PiloteDiapason',44)
INSERT INTO ROLE_OBJET_JAVA VALUES ('PiloteDiapason',45)

INSERT INTO ROLE_OBJET_JAVA VALUES ('PiloteDTI',42)
INSERT INTO ROLE_OBJET_JAVA VALUES ('PiloteDTI',43)
INSERT INTO ROLE_OBJET_JAVA VALUES ('PiloteDTI',44)
INSERT INTO ROLE_OBJET_JAVA VALUES ('PiloteDTI',45)

INSERT INTO ROLE_OBJET_JAVA VALUES ('PiloteDTI',46)
INSERT INTO ROLE_OBJET_JAVA VALUES ('PiloteDTI',47)
INSERT INTO ROLE_OBJET_JAVA VALUES ('PiloteDTI',48)
INSERT INTO ROLE_OBJET_JAVA VALUES ('PiloteDTI',49)
INSERT INTO ROLE_OBJET_JAVA VALUES ('PiloteDTI',50)
INSERT INTO ROLE_OBJET_JAVA VALUES ('PiloteDTI',51)
INSERT INTO ROLE_OBJET_JAVA VALUES ('PiloteDTI',52)
INSERT INTO ROLE_OBJET_JAVA VALUES ('PiloteDTI',53)
INSERT INTO ROLE_OBJET_JAVA VALUES ('PiloteDTI',54)
INSERT INTO ROLE_OBJET_JAVA VALUES ('PiloteDTI',55)
INSERT INTO ROLE_OBJET_JAVA VALUES ('PiloteDTI',56)
INSERT INTO ROLE_OBJET_JAVA VALUES ('PiloteDTI',57)
INSERT INTO ROLE_OBJET_JAVA VALUES ('PiloteDTI',58)
INSERT INTO ROLE_OBJET_JAVA VALUES ('PiloteDTI',59)
INSERT INTO ROLE_OBJET_JAVA VALUES ('PiloteDTI',60)
INSERT INTO ROLE_OBJET_JAVA VALUES ('PiloteDTI',61)
INSERT INTO ROLE_OBJET_JAVA VALUES ('PiloteDTI',62)
INSERT INTO ROLE_OBJET_JAVA VALUES ('PiloteDTI',63)
INSERT INTO ROLE_OBJET_JAVA VALUES ('PiloteDTI',64)

INSERT INTO ROLE_OBJET_JAVA VALUES ('PiloteDTI',65)
INSERT INTO ROLE_OBJET_JAVA VALUES ('PiloteDTI',66)
INSERT INTO ROLE_OBJET_JAVA VALUES ('PiloteDTI',67)
INSERT INTO ROLE_OBJET_JAVA VALUES ('PiloteDTI',68)
INSERT INTO ROLE_OBJET_JAVA VALUES ('PiloteDTI',69)
INSERT INTO ROLE_OBJET_JAVA VALUES ('PiloteDTI',70)
INSERT INTO ROLE_OBJET_JAVA VALUES ('PiloteDTI',71)

SET REFERENTIAL_INTEGRITY TRUE